0,1,2
HREF=""/"">,HREF,/"">
HREF=""/20160717/1/"">,HREF,/"">
HREF=""/20160717/10/"">,HREF,/"">
HREF=""/20160717/11/"">,HREF,/"">
HREF=""/20160717/12/"">,HREF,/"">
HREF=""/20160717/13/"">,HREF,/"">
HREF=""/20160717/14/"">,HREF,/"">
HREF=""/20160717/15/"">,HREF,/"">
HREF=""/20160717/16/"">,HREF,/"">
HREF=""/20160717/17/"">,HREF,/"">
HREF=""/20160717/18/"">,HREF,/"">
HREF=""/20160717/19/"">,HREF,/"">
HREF=""/20160717/2/"">,HREF,/"">
HREF=""/20160717/20/"">,HREF,/"">
HREF=""/20160717/21/"">,HREF,/"">
HREF=""/20160717/22/"">,HREF,/"">
HREF=""/20160717/23/"">,HREF,/"">
HREF=""/20160717/24/"">,HREF,/"">
HREF=""/20160717/25/"">,HREF,/"">
HREF=""/20160717/26/"">,HREF,/"">
HREF=""/20160717/27/"">,HREF,/"">
HREF=""/20160717/28/"">,HREF,/"">
HREF=""/20160717/29/"">,HREF,/"">
HREF=""/20160717/3/"">,HREF,/"">
HREF=""/20160717/30/"">,HREF,/"">
HREF=""/20160717/31/"">,HREF,/"">
HREF=""/20160717/32/"">,HREF,/"">
HREF=""/20160717/33/"">,HREF,/"">
HREF=""/20160717/34/"">,HREF,/"">
HREF=""/20160717/35/"">,HREF,/"">
HREF=""/20160717/36/"">,HREF,/"">
HREF=""/20160717/37/"">,HREF,/"">
HREF=""/20160717/38/"">,HREF,/"">
HREF=""/20160717/39/"">,HREF,/"">
HREF=""/20160717/4/"">,HREF,/"">
HREF=""/20160717/40/"">,HREF,/"">
HREF=""/20160717/41/"">,HREF,/"">
HREF=""/20160717/42/"">,HREF,/"">
HREF=""/20160717/43/"">,HREF,/"">
HREF=""/20160717/44/"">,HREF,/"">
HREF=""/20160717/45/"">,HREF,/"">
HREF=""/20160717/5/"">,HREF,/"">
HREF=""/20160717/6/"">,HREF,/"">
HREF=""/20160717/7/"">,HREF,/"">
HREF=""/20160717/8/"">,HREF,/"">
HREF=""/20160717/9/"">,HREF,/"">
HREF=""/20160717/bnsps-439/"">,HREF,/"">
HREF=""/20160717/cesd-202/"">,HREF,/"">
HREF=""/20160717/cjod-014/"">,HREF,/"">
HREF=""/20160717/cjod-015/"">,HREF,/"">
HREF=""/20160717/cjod-016/"">,HREF,/"">
HREF=""/20160717/cjod-017/"">,HREF,/"">
HREF=""/20160717/dasd-330/"">,HREF,/"">
HREF=""/20160717/hnd-277/"">,HREF,/"">
HREF=""/20160717/hnd-279/"">,HREF,/"">
HREF=""/20160717/hnd-280/"">,HREF,/"">
HREF=""/20160717/hnd-281/"">,HREF,/"">
HREF=""/20160717/hnds-043/"">,HREF,/"">
HREF=""/20160717/hnky-006/"">,HREF,/"">
HREF=""/20160717/ipz-677/"">,HREF,/"">
HREF=""/20160717/jksr-229/"">,HREF,/"">
HREF=""/20160717/jux-822/"">,HREF,/"">
HREF=""/20160717/jux-823/"">,HREF,/"">
HREF=""/20160717/jux-825/"">,HREF,/"">
HREF=""/20160717/kawd-699/"">,HREF,/"">
HREF=""/20160717/mxgs-868/"">,HREF,/"">
HREF=""/20160717/pppd-448/"">,HREF,/"">
HREF=""/20160717/puba-e106-moneka/"">,HREF,/"">
HREF=""/20160717/puba-e108-kerry/"">,HREF,/"">
HREF=""/20160717/puba-e112-jenny/"">,HREF,/"">
HREF=""/20160717/puba-e149-jessie/"">,HREF,/"">
HREF=""/20160717/puba-e84-szilvia/"">,HREF,/"">
HREF=""/20160717/puba-e90-juli/"">,HREF,/"">
HREF=""/20160717/puba-e98-kira/"">,HREF,/"">
HREF=""/20160717/rct-838/"">,HREF,/"">
HREF=""/20160717/rct-839/"">,HREF,/"">
HREF=""/20160717/rct-841/"">,HREF,/"">
HREF=""/20160717/sama-975/"">,HREF,/"">
HREF=""/20160717/sama-976/"">,HREF,/"">
HREF=""/20160717/snis-607/"">,HREF,/"">
HREF=""/20160717/sprd-855/"">,HREF,/"">
HREF=""/20160717/star-640/"">,HREF,/"">
HREF=""/20160717/t28-439/"">,HREF,/"">
HREF=""/20160717/team-080/"">,HREF,/"">
